{"comparativo": [{"churn_real": 0, "coolers": 1.397808028486551, "doors": 2.116367157750329, "delta": 0.052534687722235955, "pct_reduccion": 5.014903994068664, "pct_aumento": 9.348410492815317, "pct_sin_cambio": 85.63668551311602, "vol_por_cooler": 127.39789634535438, "n": 198269}, {"churn_real": 1, "coolers": 0.6336154776299879, "doors": 0.8615477629987908, "delta": -0.018742442563482467, "pct_reduccion": 4.050785973397823, "pct_aumento": 2.781136638452237, "pct_sin_cambio": 93.16807738814994, "vol_por_cooler": 10.882284454499194, "n": 1654}], "distribucion": {"activos": {"0": 10.77, "1": 58.3, "2": 19.76, "3": 6.78, "4": 2.56, "5+": 1.83}, "churn": {"0": 46.01, "1": 46.07, "2": 6.71, "3": 1.03, "4": 0.12, "5+": 0.06}}, "movimiento_equipo": [{"mov": "Aumentó equipo", "n": 18581, "churn_rate": 0.25, "prob": 1.06}, {"mov": "Redujo equipo", "n": 10010, "churn_rate": 0.67, "prob": 2.53}, {"mov": "Sin cambio", "n": 171332, "churn_rate": 0.9, "prob": 2.97}]}